<beans xmlns="http://www.springframework.org/schema/beans"
	xmlns:xsi="http://www.w3.org/2001/XMLSchema-instance"
	xmlns:context="http://www.springframework.org/schema/context"
	xsi:schemaLocation="http://www.springframework.org/schema/beans
    http://www.springframework.org/schema/beans/spring-beans-3.0.xsd
    http://www.springframework.org/schema/context
    http://www.springframework.org/schema/context/spring-context-3.0.xsd">

	<bean class="com.citi.demo.Employee" id="emp" >
			<property name="eid" value="121"></property>
		<property name="ename" value="suresh"></property>
		<property name="econtact" value="909090"></property>
		<property name="email" value="suresh@gmail"></property>
		<property name="address" ref="add"></property>
	</bean>
		<bean class="com.citi.demo.Address" id="add" >
			<property name="hno" value="432"></property>
		<property name="colony" value="sbicolony"></property>
		<property name="city" value="hyderbad"></property>
		<property name="pincode" value="123456"></property>
	</bean>

</beans>