<beans xmlns="http://www.springframework.org/schema/beans"
	xmlns:xsi="http://www.w3.org/2001/XMLSchema-instance"
	xmlns:context="http://www.springframework.org/schema/context"
	xsi:schemaLocation="http://www.springframework.org/schema/beans
    http://www.springframework.org/schema/beans/spring-beans-3.0.xsd
    http://www.springframework.org/schema/context
    http://www.springframework.org/schema/context/spring-context-3.0.xsd">
<context:annotation-config></context:annotation-config>
	<bean class="com.citi.demo.Employee" id="emp"> <!-- autowire="byType" --> 
			<property name="eid" value="121"></property>
		<property name="ename" value="suresh"></property>
		<property name="econtact" value="909090"></property>
		<property name="email" value="suresh@gmail"></property>
		<!-- <property name="address" ref="add"></property> -->
	</bean>
		<bean class="com.citi.demo.Address" id="add" >
			<property name="hno" value="432"></property>
		<property name="colony" value="sbicolony"></property>
		<property name="city" value="hyderbad"></property>
		<property name="pincode" value="787878"></property>
	</bean>
		<bean class="com.citi.demo.Address" id="add1" >
			<property name="hno" value="123"></property>
		<property name="colony" value="rbicolony"></property>
		<property name="city" value="banglore"></property>
		<property name="pincode" value="959595"></property>
	</bean>
</beans>